{
  "threshold_05": {
    "accuracy": 0.723207948899929,
    "precision": 0.48545454545454547,
    "recall": 0.713903743315508,
    "f1": 0.577922077922078,
    "roc_auc": 0.8047069157043581
  },
  "threshold_opt": {
    "threshold": 0.56,
    "accuracy": 0.7459190915542938,
    "precision": 0.5163265306122449,
    "recall": 0.6764705882352942,
    "f1": 0.5856481481481481,
    "roc_auc": 0.8047069157043581
  },
  "class_weight": {
    "0": 0.6805991785455424,
    "1": 1.8842809364548494
  }
}